"parameters","values","units","pv_cost_scenario","storage_cost_scenario","grid_cost_scenario","interest_rate_scenario"
"Demand",726861.6,"kWh",0.8,0.5,0.5,0.5
"PV_costs",51.3104865071186,"Euro/kWp",0.8,0.5,0.5,0.5
"PV_capacity",1e+06,"kWp",0.8,0.5,0.5,0.5
"PV_energy",474392.252224069,"kWh",0.8,0.5,0.5,0.5
"ES_costs",33.3979583595949,"Euro/kWh",0.8,0.5,0.5,0.5
"ES_capacity",0,"kWh",0.8,0.5,0.5,0.5
"ES_out",0,"kWh",0.8,0.5,0.5,0.5
"Grid_costs",0.1004758025,"Euro/kWh",0.8,0.5,0.5,0.5
"Grid",252469.347775932,"kWh",0.8,0.5,0.5,0.5
"PV_sold",1159060512.29184,"kWh",0.8,0.5,0.5,0.5
"Costs",-6617172.04714896,"Euro",0.8,0.5,0.5,0.5
"PV_area",7500000,"m2",0.8,0.5,0.5,0.5
"Emissions",31.7884155784675,"tons",0.8,0.5,0.5,0.5
"Demand",726861.6,"kWh",0.8,0.5,0.5,1
"PV_costs",61.7350885257196,"Euro/kWp",0.8,0.5,0.5,1
"PV_capacity",787.048657504783,"kWp",0.8,0.5,0.5,1
"PV_energy",392734.121989713,"kWh",0.8,0.5,0.5,1
"ES_costs",36.9872832990409,"Euro/kWh",0.8,0.5,0.5,1
"ES_capacity",0,"kWh",0.8,0.5,0.5,1
"ES_out",0,"kWh",0.8,0.5,0.5,1
"Grid_costs",0.1004758025,"Euro/kWh",0.8,0.5,0.5,1
"Grid",334127.478010287,"kWh",0.8,0.5,0.5,1
"PV_sold",519876.267961631,"kWh",0.8,0.5,0.5,1
"Costs",56166.4316374088,"Euro",0.8,0.5,0.5,1
"PV_area",5902.86493128587,"m2",0.8,0.5,0.5,1
"Emissions",42.0699907562752,"tons",0.8,0.5,0.5,1
"Demand",726861.6,"kWh",0.8,0.5,0.5,1.5
"PV_costs",73.1478433035783,"Euro/kWp",0.8,0.5,0.5,1.5
"PV_capacity",388.118676106163,"kWp",0.8,0.5,0.5,1.5
"PV_energy",329995.53262781,"kWh",0.8,0.5,0.5,1.5
"ES_costs",40.7603874661151,"Euro/kWh",0.8,0.5,0.5,1.5
"ES_capacity",0,"kWh",0.8,0.5,0.5,1.5
"ES_out",0,"kWh",0.8,0.5,0.5,1.5
"Grid_costs",0.1004758025,"Euro/kWh",0.8,0.5,0.5,1.5
"Grid",396866.06737219,"kWh",0.8,0.5,0.5,1.5
"PV_sold",120041.619422718,"kWh",0.8,0.5,0.5,1.5
"Costs",62263.3997361086,"Euro",0.8,0.5,0.5,1.5
"PV_area",2910.89007079622,"m2",0.8,0.5,0.5,1.5
"Emissions",49.9694065428324,"tons",0.8,0.5,0.5,1.5
"Demand",726861.6,"kWh",0.8,0.5,1,0.5
"PV_costs",51.3104865071186,"Euro/kWp",0.8,0.5,1,0.5
"PV_capacity",1e+06,"kWp",0.8,0.5,1,0.5
"PV_energy",474392.252224069,"kWh",0.8,0.5,1,0.5
"ES_costs",33.3979583595949,"Euro/kWh",0.8,0.5,1,0.5
"ES_capacity",535.189191780822,"kWh",0.8,0.5,1,0.5
"ES_out",173555.80999511,"kWh",0.8,0.5,1,0.5
"Grid_costs",0.200951605,"Euro/kWh",0.8,0.5,1,0.5
"Grid",78913.5377808219,"kWh",0.8,0.5,1,0.5
"PV_sold",1158877821.96553,"kWh",0.8,0.5,1,0.5
"Costs",-6599672.56274302,"Euro",0.8,0.5,1,0.5
"PV_area",7500000,"m2",0.8,0.5,1,0.5
"Emissions",9.93600354198329,"tons",0.8,0.5,1,0.5
"Demand",726861.6,"kWh",0.8,0.5,1,1
"PV_costs",61.7350885257196,"Euro/kWp",0.8,0.5,1,1
"PV_capacity",1529.64114432232,"kWp",0.8,0.5,1,1
"PV_energy",423274.301104599,"kWh",0.8,0.5,1,1
"ES_costs",36.9872832990409,"Euro/kWh",0.8,0.5,1,1
"ES_capacity",636.629482500528,"kWh",0.8,0.5,1,1
"ES_out",220541.520532853,"kWh",0.8,0.5,1,1
"Grid_costs",0.200951605,"Euro/kWh",0.8,0.5,1,1
"Grid",83045.7783625479,"kWh",0.8,0.5,1,1
"PV_sold",1118249.02818191,"kWh",0.8,0.5,1,1
"Costs",78755.4575244235,"Euro",0.8,0.5,1,1
"PV_area",11472.3085824174,"m2",0.8,0.5,1,1
"Emissions",10.4562939536284,"tons",0.8,0.5,1,1
"Demand",726861.6,"kWh",0.8,0.5,1,1.5
"PV_costs",73.1478433035783,"Euro/kWp",0.8,0.5,1,1.5
"PV_capacity",982.638030283616,"kWp",0.8,0.5,1,1.5
"PV_energy",404406.471382667,"kWh",0.8,0.5,1,1.5
"ES_costs",40.7603874661151,"Euro/kWh",0.8,0.5,1,1.5
"ES_capacity",600.115806768026,"kWh",0.8,0.5,1,1.5
"ES_out",199108.097832253,"kWh",0.8,0.5,1,1.5
"Grid_costs",0.200951605,"Euro/kWh",0.8,0.5,1,1.5
"Grid",123347.03078508,"kWh",0.8,0.5,1,1.5
"PV_sold",525409.151861243,"kWh",0.8,0.5,1,1.5
"Costs",94855.1316869116,"Euro",0.8,0.5,1,1.5
"PV_area",7369.78522712712,"m2",0.8,0.5,1,1.5
"Emissions",15.5306246461494,"tons",0.8,0.5,1,1.5
"Demand",726861.6,"kWh",0.8,0.5,1.5,0.5
"PV_costs",51.3104865071186,"Euro/kWp",0.8,0.5,1.5,0.5
"PV_capacity",1e+06,"kWp",0.8,0.5,1.5,0.5
"PV_energy",474392.252224069,"kWh",0.8,0.5,1.5,0.5
"ES_costs",33.3979583595949,"Euro/kWh",0.8,0.5,1.5,0.5
"ES_capacity",871.238219178082,"kWh",0.8,0.5,1.5,0.5
"ES_out",232094.819707438,"kWh",0.8,0.5,1.5,0.5
"Grid_costs",0.3014274075,"Euro/kWh",0.8,0.5,1.5,0.5
"Grid",20374.5280684932,"kWh",0.8,0.5,1.5,0.5
"PV_sold",1158816201.95531,"kWh",0.8,0.5,1.5,0.5
"Costs",-6595084.57170661,"Euro",0.8,0.5,1.5,0.5
"PV_area",7500000,"m2",0.8,0.5,1.5,0.5
"Emissions",2.56535682910397,"tons",0.8,0.5,1.5,0.5
"Demand",726861.6,"kWh",0.8,0.5,1.5,1
"PV_costs",61.7350885257196,"Euro/kWp",0.8,0.5,1.5,1
"PV_capacity",1894.09288867734,"kWp",0.8,0.5,1.5,1
"PV_energy",430712.992917136,"kWh",0.8,0.5,1.5,1
"ES_costs",36.9872832990409,"Euro/kWh",0.8,0.5,1.5,1
"ES_capacity",826.806243805838,"kWh",0.8,0.5,1.5,1
"ES_out",256441.239587299,"kWh",0.8,0.5,1.5,1
"Grid_costs",0.3014274075,"Euro/kWh",0.8,0.5,1.5,1
"Grid",39707.367495565,"kWh",0.8,0.5,1.5,1
"PV_sold",1495615.67701893,"kWh",0.8,0.5,1.5,1
"Costs",84701.4139233853,"Euro",0.8,0.5,1.5,1
"PV_area",14205.69666508,"m2",0.8,0.5,1.5,1
"Emissions",4.9995546413666,"tons",0.8,0.5,1.5,1
"Demand",726861.6,"kWh",0.8,0.5,1.5,1.5
"PV_costs",73.1478433035783,"Euro/kWp",0.8,0.5,1.5,1.5
"PV_capacity",1223.49958777077,"kWp",0.8,0.5,1.5,1.5
"PV_energy",414222.394929692,"kWh",0.8,0.5,1.5,1.5
"ES_costs",40.7603874661151,"Euro/kWh",0.8,0.5,1.5,1.5
"ES_capacity",736.638298868231,"kWh",0.8,0.5,1.5,1.5
"ES_out",237407.52813029,"kWh",0.8,0.5,1.5,1.5
"Grid_costs",0.3014274075,"Euro/kWh",0.8,0.5,1.5,1.5
"Grid",75231.6769400178,"kWh",0.8,0.5,1.5,1.5
"PV_sold",754565.421596009,"kWh",0.8,0.5,1.5,1.5
"Costs",104470.636874605,"Euro",0.8,0.5,1.5,1.5
"PV_area",9176.24690828075,"m2",0.8,0.5,1.5,1.5
"Emissions",9.47242044351765,"tons",0.8,0.5,1.5,1.5
"Demand",726861.6,"kWh",0.8,1,0.5,0.5
"PV_costs",51.3104865071186,"Euro/kWp",0.8,1,0.5,0.5
"PV_capacity",1e+06,"kWp",0.8,1,0.5,0.5
"PV_energy",474392.252224069,"kWh",0.8,1,0.5,0.5
"ES_costs",66.7959167191898,"Euro/kWh",0.8,1,0.5,0.5
"ES_capacity",0,"kWh",0.8,1,0.5,0.5
"ES_out",0,"kWh",0.8,1,0.5,0.5
"Grid_costs",0.1004758025,"Euro/kWh",0.8,1,0.5,0.5
"Grid",252469.347775932,"kWh",0.8,1,0.5,0.5
"PV_sold",1159060512.29184,"kWh",0.8,1,0.5,0.5
"Costs",-6617172.04714896,"Euro",0.8,1,0.5,0.5
"PV_area",7500000,"m2",0.8,1,0.5,0.5
"Emissions",31.7884155784675,"tons",0.8,1,0.5,0.5
"Demand",726861.6,"kWh",0.8,1,0.5,1
"PV_costs",61.7350885257196,"Euro/kWp",0.8,1,0.5,1
"PV_capacity",787.048657504783,"kWp",0.8,1,0.5,1
"PV_energy",392734.121989713,"kWh",0.8,1,0.5,1
"ES_costs",73.9745665980819,"Euro/kWh",0.8,1,0.5,1
"ES_capacity",0,"kWh",0.8,1,0.5,1
"ES_out",0,"kWh",0.8,1,0.5,1
"Grid_costs",0.1004758025,"Euro/kWh",0.8,1,0.5,1
"Grid",334127.478010287,"kWh",0.8,1,0.5,1
"PV_sold",519876.267961631,"kWh",0.8,1,0.5,1
"Costs",56166.4316374088,"Euro",0.8,1,0.5,1
"PV_area",5902.86493128587,"m2",0.8,1,0.5,1
"Emissions",42.0699907562752,"tons",0.8,1,0.5,1
"Demand",726861.6,"kWh",0.8,1,0.5,1.5
"PV_costs",73.1478433035783,"Euro/kWp",0.8,1,0.5,1.5
"PV_capacity",388.118676106163,"kWp",0.8,1,0.5,1.5
"PV_energy",329995.53262781,"kWh",0.8,1,0.5,1.5
"ES_costs",81.5207749322302,"Euro/kWh",0.8,1,0.5,1.5
"ES_capacity",0,"kWh",0.8,1,0.5,1.5
"ES_out",0,"kWh",0.8,1,0.5,1.5
"Grid_costs",0.1004758025,"Euro/kWh",0.8,1,0.5,1.5
"Grid",396866.06737219,"kWh",0.8,1,0.5,1.5
"PV_sold",120041.619422718,"kWh",0.8,1,0.5,1.5
"Costs",62263.3997361086,"Euro",0.8,1,0.5,1.5
"PV_area",2910.89007079622,"m2",0.8,1,0.5,1.5
"Emissions",49.9694065428324,"tons",0.8,1,0.5,1.5
"Demand",726861.6,"kWh",0.8,1,1,0.5
"PV_costs",51.3104865071186,"Euro/kWp",0.8,1,1,0.5
"PV_capacity",1e+06,"kWp",0.8,1,1,0.5
"PV_energy",474392.252224069,"kWh",0.8,1,1,0.5
"ES_costs",66.7959167191898,"Euro/kWh",0.8,1,1,0.5
"ES_capacity",0,"kWh",0.8,1,1,0.5
"ES_out",0,"kWh",0.8,1,1,0.5
"Grid_costs",0.200951605,"Euro/kWh",0.8,1,1,0.5
"Grid",252469.347775932,"kWh",0.8,1,1,0.5
"PV_sold",1159060512.29184,"kWh",0.8,1,1,0.5
"Costs",-6591804.98682452,"Euro",0.8,1,1,0.5
"PV_area",7500000,"m2",0.8,1,1,0.5
"Emissions",31.7884155784675,"tons",0.8,1,1,0.5
"Demand",726861.6,"kWh",0.8,1,1,1
"PV_costs",61.7350885257196,"Euro/kWp",0.8,1,1,1
"PV_capacity",1535.3308418266,"kWp",0.8,1,1,1
"PV_energy",423416.910312851,"kWh",0.8,1,1,1
"ES_costs",73.9745665980819,"Euro/kWh",0.8,1,1,1
"ES_capacity",0,"kWh",0.8,1,1,1
"ES_out",0,"kWh",0.8,1,1,1
"Grid_costs",0.200951605,"Euro/kWh",0.8,1,1,1
"Grid",303444.689687149,"kWh",0.8,1,1,1
"PV_sold",1356852.79080811,"kWh",0.8,1,1,1
"Costs",87918.8433173862,"Euro",0.8,1,1,1
"PV_area",11514.9813136995,"m2",0.8,1,1,1
"Emissions",38.2067208785089,"tons",0.8,1,1,1
"Demand",726861.6,"kWh",0.8,1,1,1.5
"PV_costs",73.1478433035783,"Euro/kWp",0.8,1,1,1.5
"PV_capacity",693.599643750795,"kWp",0.8,1,1,1.5
"PV_energy",384598.008630982,"kWh",0.8,1,1,1.5
"ES_costs",81.5207749322302,"Euro/kWh",0.8,1,1,1.5
"ES_capacity",0,"kWh",0.8,1,1,1.5
"ES_out",0,"kWh",0.8,1,1,1.5
"Grid_costs",0.200951605,"Euro/kWh",0.8,1,1,1.5
"Grid",342263.591369018,"kWh",0.8,1,1,1.5
"PV_sold",419654.988077394,"kWh",0.8,1,1,1.5
"Costs",98530.9866712987,"Euro",0.8,1,1,1.5
"PV_area",5201.99732813096,"m2",0.8,1,1,1.5
"Emissions",43.094408789273,"tons",0.8,1,1,1.5
"Demand",726861.6,"kWh",0.8,1,1.5,0.5
"PV_costs",51.3104865071186,"Euro/kWp",0.8,1,1.5,0.5
"PV_capacity",1e+06,"kWp",0.8,1,1.5,0.5
"PV_energy",474392.252224069,"kWh",0.8,1,1.5,0.5
"ES_costs",66.7959167191898,"Euro/kWh",0.8,1,1.5,0.5
"ES_capacity",423.172849315069,"kWh",0.8,1,1.5,0.5
"ES_out",145493.344400205,"kWh",0.8,1,1.5,0.5
"Grid_costs",0.3014274075,"Euro/kWh",0.8,1,1.5,0.5
"Grid",106976.003375726,"kWh",0.8,1,1.5,0.5
"PV_sold",1158907361.403,"kWh",0.8,1,1.5,0.5
"Costs",-6574369.8452684,"Euro",0.8,1,1.5,0.5
"PV_area",7500000,"m2",0.8,1,1.5,0.5
"Emissions",13.4693485850377,"tons",0.8,1,1.5,0.5
"Demand",726861.6,"kWh",0.8,1,1.5,1
"PV_costs",61.7350885257196,"Euro/kWp",0.8,1,1.5,1
"PV_capacity",1932.3157230594,"kWp",0.8,1,1.5,1
"PV_energy",431328.777082854,"kWh",0.8,1,1.5,1
"ES_costs",73.9745665980819,"Euro/kWh",0.8,1,1.5,1
"ES_capacity",535.710917016386,"kWh",0.8,1,1.5,1
"ES_out",191960.779773925,"kWh",0.8,1,1.5,1
"Grid_costs",0.3014274075,"Euro/kWh",0.8,1,1.5,1
"Grid",103572.04314322,"kWh",0.8,1,1.5,1
"PV_sold",1607194.77169443,"kWh",0.8,1,1.5,1
"Costs",109780.379000278,"Euro",0.8,1,1.5,1
"PV_area",14492.3679229455,"m2",0.8,1,1.5,1
"Emissions",13.0407559521629,"tons",0.8,1,1.5,1
"Demand",726861.6,"kWh",0.8,1,1.5,1.5
"PV_costs",73.1478433035783,"Euro/kWp",0.8,1,1.5,1.5
"PV_capacity",1221.55861421781,"kWp",0.8,1,1.5,1.5
"PV_energy",414154.711982026,"kWh",0.8,1,1.5,1.5
"ES_costs",81.5207749322302,"Euro/kWh",0.8,1,1.5,1.5
"ES_capacity",537.561182108742,"kWh",0.8,1,1.5,1.5
"ES_out",189268.549294904,"kWh",0.8,1,1.5,1.5
"Grid_costs",0.3014274075,"Euro/kWh",0.8,1,1.5,1.5
"Grid",123438.33872307,"kWh",0.8,1,1.5,1.5
"PV_sold",803055.087260634,"kWh",0.8,1,1.5,1.5
"Costs",130231.726302301,"Euro",0.8,1,1.5,1.5
"PV_area",9161.68960663359,"m2",0.8,1,1.5,1.5
"Emissions",15.5421212286218,"tons",0.8,1,1.5,1.5
"Demand",726861.6,"kWh",0.8,1.5,0.5,0.5
"PV_costs",51.3104865071186,"Euro/kWp",0.8,1.5,0.5,0.5
"PV_capacity",1e+06,"kWp",0.8,1.5,0.5,0.5
"PV_energy",474392.252224069,"kWh",0.8,1.5,0.5,0.5
"ES_costs",100.193875078785,"Euro/kWh",0.8,1.5,0.5,0.5
"ES_capacity",0,"kWh",0.8,1.5,0.5,0.5
"ES_out",0,"kWh",0.8,1.5,0.5,0.5
"Grid_costs",0.1004758025,"Euro/kWh",0.8,1.5,0.5,0.5
"Grid",252469.347775932,"kWh",0.8,1.5,0.5,0.5
"PV_sold",1159060512.29184,"kWh",0.8,1.5,0.5,0.5
"Costs",-6617172.04714896,"Euro",0.8,1.5,0.5,0.5
"PV_area",7500000,"m2",0.8,1.5,0.5,0.5
"Emissions",31.7884155784675,"tons",0.8,1.5,0.5,0.5
"Demand",726861.6,"kWh",0.8,1.5,0.5,1
"PV_costs",61.7350885257196,"Euro/kWp",0.8,1.5,0.5,1
"PV_capacity",787.048657504783,"kWp",0.8,1.5,0.5,1
"PV_energy",392734.121989713,"kWh",0.8,1.5,0.5,1
"ES_costs",110.961849897123,"Euro/kWh",0.8,1.5,0.5,1
"ES_capacity",0,"kWh",0.8,1.5,0.5,1
"ES_out",0,"kWh",0.8,1.5,0.5,1
"Grid_costs",0.1004758025,"Euro/kWh",0.8,1.5,0.5,1
"Grid",334127.478010287,"kWh",0.8,1.5,0.5,1
"PV_sold",519876.267961631,"kWh",0.8,1.5,0.5,1
"Costs",56166.4316374088,"Euro",0.8,1.5,0.5,1
"PV_area",5902.86493128587,"m2",0.8,1.5,0.5,1
"Emissions",42.0699907562752,"tons",0.8,1.5,0.5,1
"Demand",726861.6,"kWh",0.8,1.5,0.5,1.5
"PV_costs",73.1478433035783,"Euro/kWp",0.8,1.5,0.5,1.5
"PV_capacity",388.118676106163,"kWp",0.8,1.5,0.5,1.5
"PV_energy",329995.53262781,"kWh",0.8,1.5,0.5,1.5
"ES_costs",122.281162398345,"Euro/kWh",0.8,1.5,0.5,1.5
"ES_capacity",0,"kWh",0.8,1.5,0.5,1.5
"ES_out",0,"kWh",0.8,1.5,0.5,1.5
"Grid_costs",0.1004758025,"Euro/kWh",0.8,1.5,0.5,1.5
"Grid",396866.06737219,"kWh",0.8,1.5,0.5,1.5
"PV_sold",120041.619422718,"kWh",0.8,1.5,0.5,1.5
"Costs",62263.3997361086,"Euro",0.8,1.5,0.5,1.5
"PV_area",2910.89007079622,"m2",0.8,1.5,0.5,1.5
"Emissions",49.9694065428324,"tons",0.8,1.5,0.5,1.5
"Demand",726861.6,"kWh",0.8,1.5,1,0.5
"PV_costs",51.3104865071186,"Euro/kWp",0.8,1.5,1,0.5
"PV_capacity",1e+06,"kWp",0.8,1.5,1,0.5
"PV_energy",474392.252224069,"kWh",0.8,1.5,1,0.5
"ES_costs",100.193875078785,"Euro/kWh",0.8,1.5,1,0.5
"ES_capacity",0,"kWh",0.8,1.5,1,0.5
"ES_out",0,"kWh",0.8,1.5,1,0.5
"Grid_costs",0.200951605,"Euro/kWh",0.8,1.5,1,0.5
"Grid",252469.347775932,"kWh",0.8,1.5,1,0.5
"PV_sold",1159060512.29184,"kWh",0.8,1.5,1,0.5
"Costs",-6591804.98682452,"Euro",0.8,1.5,1,0.5
"PV_area",7500000,"m2",0.8,1.5,1,0.5
"Emissions",31.7884155784675,"tons",0.8,1.5,1,0.5
"Demand",726861.6,"kWh",0.8,1.5,1,1
"PV_costs",61.7350885257196,"Euro/kWp",0.8,1.5,1,1
"PV_capacity",1535.3308418266,"kWp",0.8,1.5,1,1
"PV_energy",423416.910312851,"kWh",0.8,1.5,1,1
"ES_costs",110.961849897123,"Euro/kWh",0.8,1.5,1,1
"ES_capacity",0,"kWh",0.8,1.5,1,1
"ES_out",0,"kWh",0.8,1.5,1,1
"Grid_costs",0.200951605,"Euro/kWh",0.8,1.5,1,1
"Grid",303444.689687149,"kWh",0.8,1.5,1,1
"PV_sold",1356852.79080811,"kWh",0.8,1.5,1,1
"Costs",87918.8433173862,"Euro",0.8,1.5,1,1
"PV_area",11514.9813136995,"m2",0.8,1.5,1,1
"Emissions",38.2067208785089,"tons",0.8,1.5,1,1
"Demand",726861.6,"kWh",0.8,1.5,1,1.5
"PV_costs",73.1478433035783,"Euro/kWp",0.8,1.5,1,1.5
"PV_capacity",693.599643750795,"kWp",0.8,1.5,1,1.5
"PV_energy",384598.008630982,"kWh",0.8,1.5,1,1.5
"ES_costs",122.281162398345,"Euro/kWh",0.8,1.5,1,1.5
"ES_capacity",0,"kWh",0.8,1.5,1,1.5
"ES_out",0,"kWh",0.8,1.5,1,1.5
"Grid_costs",0.200951605,"Euro/kWh",0.8,1.5,1,1.5
"Grid",342263.591369018,"kWh",0.8,1.5,1,1.5
"PV_sold",419654.988077394,"kWh",0.8,1.5,1,1.5
"Costs",98530.9866712987,"Euro",0.8,1.5,1,1.5
"PV_area",5201.99732813096,"m2",0.8,1.5,1,1.5
"Emissions",43.094408789273,"tons",0.8,1.5,1,1.5
"Demand",726861.6,"kWh",0.8,1.5,1.5,0.5
"PV_costs",51.3104865071186,"Euro/kWp",0.8,1.5,1.5,0.5
"PV_capacity",1e+06,"kWp",0.8,1.5,1.5,0.5
"PV_energy",474392.252224069,"kWh",0.8,1.5,1.5,0.5
"ES_costs",100.193875078785,"Euro/kWh",0.8,1.5,1.5,0.5
"ES_capacity",0,"kWh",0.8,1.5,1.5,0.5
"ES_out",0,"kWh",0.8,1.5,1.5,0.5
"Grid_costs",0.3014274075,"Euro/kWh",0.8,1.5,1.5,0.5
"Grid",252469.347775932,"kWh",0.8,1.5,1.5,0.5
"PV_sold",1159060512.29184,"kWh",0.8,1.5,1.5,0.5
"Costs",-6566437.92650008,"Euro",0.8,1.5,1.5,0.5
"PV_area",7500000,"m2",0.8,1.5,1.5,0.5
"Emissions",31.7884155784675,"tons",0.8,1.5,1.5,0.5
"Demand",726861.6,"kWh",0.8,1.5,1.5,1
"PV_costs",61.7350885257196,"Euro/kWp",0.8,1.5,1.5,1
"PV_capacity",1995.56208852906,"kWp",0.8,1.5,1.5,1
"PV_energy",432300.601709747,"kWh",0.8,1.5,1.5,1
"ES_costs",110.961849897123,"Euro/kWh",0.8,1.5,1.5,1
"ES_capacity",0,"kWh",0.8,1.5,1.5,1
"ES_out",0,"kWh",0.8,1.5,1.5,1
"Grid_costs",0.3014274075,"Euro/kWh",0.8,1.5,1.5,1
"Grid",294560.998290253,"kWh",0.8,1.5,1.5,1
"PV_sold",1881623.29412456,"kWh",0.8,1.5,1.5,1
"Costs",117903.795552926,"Euro",0.8,1.5,1.5,1
"PV_area",14966.715663968,"m2",0.8,1.5,1.5,1
"Emissions",37.0881752947257,"tons",0.8,1.5,1.5,1
"Demand",726861.6,"kWh",0.8,1.5,1.5,1.5
"PV_costs",73.1478433035783,"Euro/kWp",0.8,1.5,1.5,1.5
"PV_capacity",876.310196562251,"kWp",0.8,1.5,1.5,1.5
"PV_energy",398732.522631462,"kWh",0.8,1.5,1.5,1.5
"ES_costs",122.281162398345,"Euro/kWh",0.8,1.5,1.5,1.5
"ES_capacity",0,"kWh",0.8,1.5,1.5,1.5
"ES_out",0,"kWh",0.8,1.5,1.5,1.5
"Grid_costs",0.3014274075,"Euro/kWh",0.8,1.5,1.5,1.5
"Grid",328129.077368538,"kWh",0.8,1.5,1.5,1.5
"PV_sold",617379.737490339,"kWh",0.8,1.5,1.5,1.5
"Costs",132138.311185511,"Euro",0.8,1.5,1.5,1.5
"PV_area",6572.32647421688,"m2",0.8,1.5,1.5,1.5
"Emissions",41.3147321314726,"tons",0.8,1.5,1.5,1.5
"Demand",726861.6,"kWh",1,0.5,0.5,0.5
"PV_costs",64.1381081338982,"Euro/kWp",1,0.5,0.5,0.5
"PV_capacity",634.297390178431,"kWp",1,0.5,0.5,0.5
"PV_energy",377992.430156597,"kWh",1,0.5,0.5,0.5
"ES_costs",33.3979583595949,"Euro/kWh",1,0.5,0.5,0.5
"ES_capacity",0,"kWh",1,0.5,0.5,0.5
"ES_out",0,"kWh",1,0.5,0.5,0.5
"Grid_costs",0.1004758025,"Euro/kWh",1,0.5,0.5,0.5
"Grid",348869.169843403,"kWh",1,0.5,0.5,0.5
"PV_sold",357497.5336165,"kWh",1,0.5,0.5,0.5
"Costs",57860.6677270125,"Euro",1,0.5,0.5,0.5
"PV_area",4757.23042633823,"m2",1,0.5,0.5,0.5
"Emissions",43.9261171749829,"tons",1,0.5,0.5,0.5
"Demand",726861.6,"kWh",1,0.5,0.5,1
"PV_costs",77.1688606571495,"Euro/kWp",1,0.5,0.5,1
"PV_capacity",343.073615638729,"kWp",1,0.5,0.5,1
"PV_energy",314670.120899608,"kWh",1,0.5,0.5,1
"ES_costs",36.9872832990409,"Euro/kWh",1,0.5,0.5,1
"ES_capacity",0,"kWh",1,0.5,0.5,1
"ES_out",0,"kWh",1,0.5,0.5,1
"Grid_costs",0.1004758025,"Euro/kWh",1,0.5,0.5,1
"Grid",412191.479100392,"kWh",1,0.5,0.5,1
"PV_sold",83135.7112616335,"kWh",1,0.5,0.5,1
"Costs",63733.0841235607,"Euro",1,0.5,0.5,1
"PV_area",2573.05211729047,"m2",1,0.5,0.5,1
"Emissions",51.8990291335304,"tons",1,0.5,0.5,1
"Demand",726861.6,"kWh",1,0.5,0.5,1.5
"PV_costs",91.4348041294729,"Euro/kWp",1,0.5,0.5,1.5
"PV_capacity",246.672265454963,"kWp",1,0.5,0.5,1.5
"PV_energy",266033.456306634,"kWh",1,0.5,0.5,1.5
"ES_costs",40.7603874661151,"Euro/kWh",1,0.5,0.5,1.5
"ES_capacity",0,"kWh",1,0.5,0.5,1.5
"ES_out",0,"kWh",1,0.5,0.5,1.5
"Grid_costs",0.1004758025,"Euro/kWh",1,0.5,0.5,1.5
"Grid",460828.143693366,"kWh",1,0.5,0.5,1.5
"PV_sold",19991.6454713559,"kWh",1,0.5,0.5,1.5
"Costs",67856.9255546553,"Euro",1,0.5,0.5,1.5
"PV_area",1850.04199091223,"m2",1,0.5,0.5,1.5
"Emissions",58.0228715724318,"tons",1,0.5,0.5,1.5
"Demand",726861.6,"kWh",1,0.5,1,0.5
"PV_costs",64.1381081338982,"Euro/kWp",1,0.5,1,0.5
"PV_capacity",1380.01031193653,"kWp",1,0.5,1,0.5
"PV_energy",419212.534851951,"kWh",1,0.5,1,0.5
"ES_costs",33.3979583595949,"Euro/kWh",1,0.5,1,0.5
"ES_capacity",658.277886057655,"kWh",1,0.5,1,0.5
"ES_out",224947.450929479,"kWh",1,0.5,1,0.5
"Grid_costs",0.200951605,"Euro/kWh",1,0.5,1,0.5
"Grid",82701.6142185694,"kWh",1,0.5,1,0.5
"PV_sold",944170.800017118,"kWh",1,0.5,1,0.5
"Costs",79906.8701529323,"Euro",1,0.5,1,0.5
"PV_area",10350.077339524,"m2",1,0.5,1,0.5
"Emissions",10.4129602462601,"tons",1,0.5,1,0.5
"Demand",726861.6,"kWh",1,0.5,1,1
"PV_costs",77.1688606571495,"Euro/kWp",1,0.5,1,1
"PV_capacity",902.001477069874,"kWp",1,0.5,1,1
"PV_energy",400228.876795803,"kWh",1,0.5,1,1
"ES_costs",36.9872832990409,"Euro/kWh",1,0.5,1,1
"ES_capacity",623.10247380876,"kWh",1,0.5,1,1
"ES_out",200086.670148422,"kWh",1,0.5,1,1
"Grid_costs",0.200951605,"Euro/kWh",1,0.5,1,1
"Grid",126546.053055775,"kWh",1,0.5,1,1
"PV_sold",435055.772292365,"kWh",1,0.5,1,1
"Costs",96330.1378730005,"Euro",1,0.5,1,1
"PV_area",6765.01107802406,"m2",1,0.5,1,1
"Emissions",15.9334135402526,"tons",1,0.5,1,1
"Demand",726861.6,"kWh",1,0.5,1,1.5
"PV_costs",91.4348041294729,"Euro/kWp",1,0.5,1,1.5
"PV_capacity",522.309256459821,"kWp",1,0.5,1,1.5
"PV_energy",361237.765441709,"kWh",1,0.5,1,1.5
"ES_costs",40.7603874661151,"Euro/kWh",1,0.5,1,1.5
"ES_capacity",128.551181467144,"kWh",1,0.5,1,1.5
"ES_out",38461.5051377521,"kWh",1,0.5,1,1.5
"Grid_costs",0.200951605,"Euro/kWh",1,0.5,1,1.5
"Grid",327162.329420539,"kWh",1,0.5,1,1.5
"PV_sold",203912.253508067,"kWh",1,0.5,1,1.5
"Costs",108545.223042433,"Euro",1,0.5,1,1.5
"PV_area",3917.31942344866,"m2",1,0.5,1,1.5
"Emissions",41.19300889734,"tons",1,0.5,1,1.5
"Demand",726861.6,"kWh",1,0.5,1.5,0.5
"PV_costs",64.1381081338982,"Euro/kWp",1,0.5,1.5,0.5
"PV_capacity",1687.81872554893,"kWp",1,0.5,1.5,0.5
"PV_energy",426906.002369781,"kWh",1,0.5,1.5,0.5
"ES_costs",33.3979583595949,"Euro/kWh",1,0.5,1.5,0.5
"ES_capacity",848.136583969444,"kWh",1,0.5,1.5,0.5
"ES_out",259641.512083704,"kWh",1,0.5,1.5,0.5
"Grid_costs",0.3014274075,"Euro/kWh",1,0.5,1.5,0.5
"Grid",40314.0855465147,"kWh",1,0.5,1.5,0.5
"PV_sold",1256871.86762234,"kWh",1,0.5,1.5,0.5
"Costs",85887.7071552391,"Euro",1,0.5,1.5,0.5
"PV_area",12658.640441617,"m2",1,0.5,1.5,0.5
"Emissions",5.07594651116167,"tons",1,0.5,1.5,0.5
"Demand",726861.6,"kWh",1,0.5,1.5,1
"PV_costs",77.1688606571495,"Euro/kWp",1,0.5,1.5,1
"PV_capacity",1151.06294727416,"kWp",1,0.5,1.5,1
"PV_energy",411549.25016113,"kWh",1,0.5,1.5,1
"ES_costs",36.9872832990409,"Euro/kWh",1,0.5,1.5,1
"ES_capacity",742.938650227217,"kWh",1,0.5,1.5,1
"ES_out",235954.654967356,"kWh",1,0.5,1.5,1
"Grid_costs",0.3014274075,"Euro/kWh",1,0.5,1.5,1
"Grid",79357.694871514,"kWh",1,0.5,1.5,1
"PV_sold",674775.093512358,"kWh",1,0.5,1.5,1
"Costs",106487.328070248,"Euro",1,0.5,1.5,1
"PV_area",8632.97210455622,"m2",1,0.5,1.5,1
"Emissions",9.99192736127232,"tons",1,0.5,1.5,1
"Demand",726861.6,"kWh",1,0.5,1.5,1.5
"PV_costs",91.4348041294729,"Euro/kWp",1,0.5,1.5,1.5
"PV_capacity",899.795379841725,"kWp",1,0.5,1.5,1.5
"PV_energy",400105.216446088,"kWh",1,0.5,1.5,1.5
"ES_costs",40.7603874661151,"Euro/kWh",1,0.5,1.5,1.5
"ES_capacity",695.51881780448,"kWh",1,0.5,1.5,1.5
"ES_out",214608.929520751,"kWh",1,0.5,1.5,1.5
"Grid_costs",0.3014274075,"Euro/kWh",1,0.5,1.5,1.5
"Grid",112147.45403316,"kWh",1,0.5,1.5,1.5
"PV_sold",417334.797090245,"kWh",1,0.5,1.5,1.5
"Costs",123559.807288547,"Euro",1,0.5,1.5,1.5
"PV_area",6748.46534881294,"m2",1,0.5,1.5,1.5
"Emissions",14.1204859373152,"tons",1,0.5,1.5,1.5
"Demand",726861.6,"kWh",1,1,0.5,0.5
"PV_costs",64.1381081338982,"Euro/kWp",1,1,0.5,0.5
"PV_capacity",634.297390178431,"kWp",1,1,0.5,0.5
"PV_energy",377992.430156597,"kWh",1,1,0.5,0.5
"ES_costs",66.7959167191898,"Euro/kWh",1,1,0.5,0.5
"ES_capacity",0,"kWh",1,1,0.5,0.5
"ES_out",0,"kWh",1,1,0.5,0.5
"Grid_costs",0.1004758025,"Euro/kWh",1,1,0.5,0.5
"Grid",348869.169843403,"kWh",1,1,0.5,0.5
"PV_sold",357497.5336165,"kWh",1,1,0.5,0.5
"Costs",57860.6677270125,"Euro",1,1,0.5,0.5
"PV_area",4757.23042633823,"m2",1,1,0.5,0.5
"Emissions",43.9261171749829,"tons",1,1,0.5,0.5
"Demand",726861.6,"kWh",1,1,0.5,1
"PV_costs",77.1688606571495,"Euro/kWp",1,1,0.5,1
"PV_capacity",343.073615638729,"kWp",1,1,0.5,1
"PV_energy",314670.120899608,"kWh",1,1,0.5,1
"ES_costs",73.9745665980819,"Euro/kWh",1,1,0.5,1
"ES_capacity",0,"kWh",1,1,0.5,1
"ES_out",0,"kWh",1,1,0.5,1
"Grid_costs",0.1004758025,"Euro/kWh",1,1,0.5,1
"Grid",412191.479100392,"kWh",1,1,0.5,1
"PV_sold",83135.7112616335,"kWh",1,1,0.5,1
"Costs",63733.0841235607,"Euro",1,1,0.5,1
"PV_area",2573.05211729047,"m2",1,1,0.5,1
"Emissions",51.8990291335304,"tons",1,1,0.5,1
"Demand",726861.6,"kWh",1,1,0.5,1.5
"PV_costs",91.4348041294729,"Euro/kWp",1,1,0.5,1.5
"PV_capacity",246.672265454963,"kWp",1,1,0.5,1.5
"PV_energy",266033.456306634,"kWh",1,1,0.5,1.5
"ES_costs",81.5207749322302,"Euro/kWh",1,1,0.5,1.5
"ES_capacity",0,"kWh",1,1,0.5,1.5
"ES_out",0,"kWh",1,1,0.5,1.5
"Grid_costs",0.1004758025,"Euro/kWh",1,1,0.5,1.5
"Grid",460828.143693366,"kWh",1,1,0.5,1.5
"PV_sold",19991.6454713559,"kWh",1,1,0.5,1.5
"Costs",67856.9255546553,"Euro",1,1,0.5,1.5
"PV_area",1850.04199091223,"m2",1,1,0.5,1.5
"Emissions",58.0228715724318,"tons",1,1,0.5,1.5
"Demand",726861.6,"kWh",1,1,1,0.5
"PV_costs",64.1381081338982,"Euro/kWp",1,1,1,0.5
"PV_capacity",1100.78952894805,"kWp",1,1,1,0.5
"PV_energy",409566.861239385,"kWh",1,1,1,0.5
"ES_costs",66.7959167191898,"Euro/kWh",1,1,1,0.5
"ES_capacity",0,"kWh",1,1,1,0.5
"ES_out",0,"kWh",1,1,1,0.5
"Grid_costs",0.200951605,"Euro/kWh",1,1,1,0.5
"Grid",317294.738760615,"kWh",1,1,1,0.5
"PV_sold",866837.020132498,"kWh",1,1,1,0.5
"Costs",91021.5938457089,"Euro",1,1,1,0.5
"PV_area",8255.92146711036,"m2",1,1,1,0.5
"Emissions",39.950580557349,"tons",1,1,1,0.5
"Demand",726861.6,"kWh",1,1,1,1
"PV_costs",77.1688606571495,"Euro/kWp",1,1,1,1
"PV_capacity",622.338158580441,"kWp",1,1,1,1
"PV_energy",376501.789581816,"kWh",1,1,1,1
"ES_costs",73.9745665980819,"Euro/kWh",1,1,1,1
"ES_capacity",0,"kWh",1,1,1,1
"ES_out",0,"kWh",1,1,1,1
"Grid_costs",0.200951605,"Euro/kWh",1,1,1,1
"Grid",350359.810418184,"kWh",1,1,1,1
"PV_sold",345121.027721885,"kWh",1,1,1,1
"Costs",101174.441486056,"Euro",1,1,1,1
"PV_area",4667.53618935331,"m2",1,1,1,1
"Emissions",44.1138037297536,"tons",1,1,1,1
"Demand",726861.6,"kWh",1,1,1,1.5
"PV_costs",91.4348041294729,"Euro/kWp",1,1,1,1.5
"PV_capacity",464.311196475968,"kWp",1,1,1,1.5
"PV_energy",349558.216099386,"kWh",1,1,1,1.5
"ES_costs",81.5207749322302,"Euro/kWh",1,1,1,1.5
"ES_capacity",0,"kWh",1,1,1,1.5
"ES_out",0,"kWh",1,1,1,1.5
"Grid_costs",0.200951605,"Euro/kWh",1,1,1,1.5
"Grid",377303.383900614,"kWh",1,1,1,1.5
"PV_sold",188826.822785116,"kWh",1,1,1,1.5
"Costs",108832.582732404,"Euro",1,1,1,1.5
"PV_area",3482.33397356976,"m2",1,1,1,1.5
"Emissions",47.5062690669263,"tons",1,1,1,1.5
"Demand",726861.6,"kWh",1,1,1.5,0.5
"PV_costs",64.1381081338982,"Euro/kWp",1,1,1.5,0.5
"PV_capacity",1532.29508193173,"kWp",1,1,1.5,0.5
"PV_energy",423341.138190306,"kWh",1,1,1.5,0.5
"ES_costs",66.7959167191898,"Euro/kWh",1,1,1.5,0.5
"ES_capacity",604.235801151478,"kWh",1,1,1.5,0.5
"ES_out",212168.474765102,"kWh",1,1,1.5,0.5
"Grid_costs",0.3014274075,"Euro/kWh",1,1,1.5,0.5
"Grid",91351.9870445917,"kWh",1,1,1.5,0.5
"PV_sold",1130073.2567759,"kWh",1,1,1.5,0.5
"Costs",109671.321696475,"Euro",1,1,1.5,0.5
"PV_area",11492.213114488,"m2",1,1,1.5,0.5
"Emissions",11.5021286887845,"tons",1,1,1.5,0.5
"Demand",726861.6,"kWh",1,1,1.5,1
"PV_costs",77.1688606571495,"Euro/kWp",1,1,1.5,1
"PV_capacity",1101.16335204728,"kWp",1,1,1.5,1
"PV_energy",409582.089259094,"kWh",1,1,1.5,1
"ES_costs",73.9745665980819,"Euro/kWh",1,1,1.5,1
"ES_capacity",576.874230896257,"kWh",1,1,1.5,1
"ES_out",198013.1092699,"kWh",1,1,1.5,1
"Grid_costs",0.3014274075,"Euro/kWh",1,1,1.5,1
"Grid",119266.401471007,"kWh",1,1,1.5,1
"PV_sold",658820.401181425,"kWh",1,1,1.5,1
"Costs",130658.684625237,"Euro",1,1,1.5,1
"PV_area",8258.72514035463,"m2",1,1,1.5,1
"Emissions",15.0168326092145,"tons",1,1,1.5,1
"Demand",726861.6,"kWh",1,1,1.5,1.5
"PV_costs",91.4348041294729,"Euro/kWp",1,1,1.5,1.5
"PV_capacity",630.174278529229,"kWp",1,1,1.5,1.5
"PV_energy",377486.54496683,"kWh",1,1,1.5,1.5
"ES_costs",81.5207749322302,"Euro/kWh",1,1,1.5,1.5
"ES_capacity",48.4331325503603,"kWh",1,1,1.5,1.5
"ES_out",16465.5632242982,"kWh",1,1,1.5,1.5
"Grid_costs",0.3014274075,"Euro/kWh",1,1,1.5,1.5
"Grid",332909.491808872,"kWh",1,1,1.5,1.5
"PV_sold",335890.355118634,"kWh",1,1,1.5,1.5
"Costs",145121.695514811,"Euro",1,1,1.5,1.5
"PV_area",4726.30708896921,"m2",1,1,1.5,1.5
"Emissions",41.916634113655,"tons",1,1,1.5,1.5
"Demand",726861.6,"kWh",1,1.5,0.5,0.5
"PV_costs",64.1381081338982,"Euro/kWp",1,1.5,0.5,0.5
"PV_capacity",634.297390178431,"kWp",1,1.5,0.5,0.5
"PV_energy",377992.430156597,"kWh",1,1.5,0.5,0.5
"ES_costs",100.193875078785,"Euro/kWh",1,1.5,0.5,0.5
"ES_capacity",0,"kWh",1,1.5,0.5,0.5
"ES_out",0,"kWh",1,1.5,0.5,0.5
"Grid_costs",0.1004758025,"Euro/kWh",1,1.5,0.5,0.5
"Grid",348869.169843403,"kWh",1,1.5,0.5,0.5
"PV_sold",357497.5336165,"kWh",1,1.5,0.5,0.5
"Costs",57860.6677270125,"Euro",1,1.5,0.5,0.5
"PV_area",4757.23042633823,"m2",1,1.5,0.5,0.5
"Emissions",43.9261171749829,"tons",1,1.5,0.5,0.5
"Demand",726861.6,"kWh",1,1.5,0.5,1
"PV_costs",77.1688606571495,"Euro/kWp",1,1.5,0.5,1
"PV_capacity",343.073615638729,"kWp",1,1.5,0.5,1
"PV_energy",314670.120899608,"kWh",1,1.5,0.5,1
"ES_costs",110.961849897123,"Euro/kWh",1,1.5,0.5,1
"ES_capacity",0,"kWh",1,1.5,0.5,1
"ES_out",0,"kWh",1,1.5,0.5,1
"Grid_costs",0.1004758025,"Euro/kWh",1,1.5,0.5,1
"Grid",412191.479100392,"kWh",1,1.5,0.5,1
"PV_sold",83135.7112616335,"kWh",1,1.5,0.5,1
"Costs",63733.0841235607,"Euro",1,1.5,0.5,1
"PV_area",2573.05211729047,"m2",1,1.5,0.5,1
"Emissions",51.8990291335304,"tons",1,1.5,0.5,1
"Demand",726861.6,"kWh",1,1.5,0.5,1.5
"PV_costs",91.4348041294729,"Euro/kWp",1,1.5,0.5,1.5
"PV_capacity",246.672265454963,"kWp",1,1.5,0.5,1.5
"PV_energy",266033.456306634,"kWh",1,1.5,0.5,1.5
"ES_costs",122.281162398345,"Euro/kWh",1,1.5,0.5,1.5
"ES_capacity",0,"kWh",1,1.5,0.5,1.5
"ES_out",0,"kWh",1,1.5,0.5,1.5
"Grid_costs",0.1004758025,"Euro/kWh",1,1.5,0.5,1.5
"Grid",460828.143693366,"kWh",1,1.5,0.5,1.5
"PV_sold",19991.6454713559,"kWh",1,1.5,0.5,1.5
"Costs",67856.9255546553,"Euro",1,1.5,0.5,1.5
"PV_area",1850.04199091223,"m2",1,1.5,0.5,1.5
"Emissions",58.0228715724318,"tons",1,1.5,0.5,1.5
"Demand",726861.6,"kWh",1,1.5,1,0.5
"PV_costs",64.1381081338982,"Euro/kWp",1,1.5,1,0.5
"PV_capacity",1100.78952894805,"kWp",1,1.5,1,0.5
"PV_energy",409566.861239385,"kWh",1,1.5,1,0.5
"ES_costs",100.193875078785,"Euro/kWh",1,1.5,1,0.5
"ES_capacity",0,"kWh",1,1.5,1,0.5
"ES_out",0,"kWh",1,1.5,1,0.5
"Grid_costs",0.200951605,"Euro/kWh",1,1.5,1,0.5
"Grid",317294.738760615,"kWh",1,1.5,1,0.5
"PV_sold",866837.020132498,"kWh",1,1.5,1,0.5
"Costs",91021.5938457089,"Euro",1,1.5,1,0.5
"PV_area",8255.92146711036,"m2",1,1.5,1,0.5
"Emissions",39.950580557349,"tons",1,1.5,1,0.5
"Demand",726861.6,"kWh",1,1.5,1,1
"PV_costs",77.1688606571495,"Euro/kWp",1,1.5,1,1
"PV_capacity",622.338158580441,"kWp",1,1.5,1,1
"PV_energy",376501.789581816,"kWh",1,1.5,1,1
"ES_costs",110.961849897123,"Euro/kWh",1,1.5,1,1
"ES_capacity",0,"kWh",1,1.5,1,1
"ES_out",0,"kWh",1,1.5,1,1
"Grid_costs",0.200951605,"Euro/kWh",1,1.5,1,1
"Grid",350359.810418184,"kWh",1,1.5,1,1
"PV_sold",345121.027721885,"kWh",1,1.5,1,1
"Costs",101174.441486056,"Euro",1,1.5,1,1
"PV_area",4667.53618935331,"m2",1,1.5,1,1
"Emissions",44.1138037297536,"tons",1,1.5,1,1
"Demand",726861.6,"kWh",1,1.5,1,1.5
"PV_costs",91.4348041294729,"Euro/kWp",1,1.5,1,1.5
"PV_capacity",464.311196475968,"kWp",1,1.5,1,1.5
"PV_energy",349558.216099386,"kWh",1,1.5,1,1.5
"ES_costs",122.281162398345,"Euro/kWh",1,1.5,1,1.5
"ES_capacity",0,"kWh",1,1.5,1,1.5
"ES_out",0,"kWh",1,1.5,1,1.5
"Grid_costs",0.200951605,"Euro/kWh",1,1.5,1,1.5
"Grid",377303.383900614,"kWh",1,1.5,1,1.5
"PV_sold",188826.822785116,"kWh",1,1.5,1,1.5
"Costs",108832.582732404,"Euro",1,1.5,1,1.5
"PV_area",3482.33397356976,"m2",1,1.5,1,1.5
"Emissions",47.5062690669263,"tons",1,1.5,1,1.5
"Demand",726861.6,"kWh",1,1.5,1.5,0.5
"PV_costs",64.1381081338982,"Euro/kWp",1,1.5,1.5,0.5
"PV_capacity",1554.01660632409,"kWp",1,1.5,1.5,0.5
"PV_energy",423879.583575536,"kWh",1,1.5,1.5,0.5
"ES_costs",100.193875078785,"Euro/kWh",1,1.5,1.5,0.5
"ES_capacity",0,"kWh",1,1.5,1.5,0.5
"ES_out",0,"kWh",1,1.5,1.5,0.5
"Grid_costs",0.3014274075,"Euro/kWh",1,1.5,1.5,0.5
"Grid",302982.016424463,"kWh",1,1.5,1.5,0.5
"PV_sold",1378056.91369836,"kWh",1,1.5,1.5,0.5
"Costs",122095.923183318,"Euro",1,1.5,1.5,0.5
"PV_area",11655.1245474306,"m2",1,1.5,1.5,0.5
"Emissions",38.1484656880042,"tons",1,1.5,1.5,0.5
"Demand",726861.6,"kWh",1,1.5,1.5,1
"PV_costs",77.1688606571495,"Euro/kWp",1,1.5,1.5,1
"PV_capacity",777.390674496265,"kWp",1,1.5,1.5,1
"PV_energy",392007.22017222,"kWh",1,1.5,1.5,1
"ES_costs",110.961849897123,"Euro/kWh",1,1.5,1.5,1
"ES_capacity",0,"kWh",1,1.5,1.5,1
"ES_out",0,"kWh",1,1.5,1.5,1
"Grid_costs",0.3014274075,"Euro/kWh",1,1.5,1.5,1
"Grid",334854.37982778,"kWh",1,1.5,1.5,1
"PV_sold",509404.401373255,"kWh",1,1.5,1.5,1
"Costs",135454.420169215,"Euro",1,1.5,1.5,1
"PV_area",5830.43005872199,"m2",1,1.5,1.5,1
"Emissions",42.1615149641158,"tons",1,1.5,1.5,1
"Demand",726861.6,"kWh",1,1.5,1.5,1.5
"PV_costs",91.4348041294729,"Euro/kWp",1,1.5,1.5,1.5
"PV_capacity",605.359879664326,"kWp",1,1.5,1.5,1.5
"PV_energy",374293.155100173,"kWh",1,1.5,1.5,1.5
"ES_costs",122.281162398345,"Euro/kWh",1,1.5,1.5,1.5
"ES_capacity",0,"kWh",1,1.5,1.5,1.5
"ES_out",0,"kWh",1,1.5,1.5,1.5
"Grid_costs",0.3014274075,"Euro/kWh",1,1.5,1.5,1.5
"Grid",352568.444899827,"kWh",1,1.5,1.5,1.5
"PV_sold",327642.755181208,"kWh",1,1.5,1.5,1.5
"Costs",145242.61657835,"Euro",1,1.5,1.5,1.5
"PV_area",4540.19909748244,"m2",1,1.5,1.5,1.5
"Emissions",44.3918928973372,"tons",1,1.5,1.5,1.5
"Demand",726861.6,"kWh",1.2,0.5,0.5,0.5
"PV_costs",76.9657297606779,"Euro/kWp",1.2,0.5,0.5,0.5
"PV_capacity",345.726541869617,"kWp",1.2,0.5,0.5,0.5
"PV_energy",315673.565122282,"kWh",1.2,0.5,0.5,0.5
"ES_costs",33.3979583595949,"Euro/kWh",1.2,0.5,0.5,0.5
"ES_capacity",0,"kWh",1.2,0.5,0.5,0.5
"ES_out",0,"kWh",1.2,0.5,0.5,0.5
"Grid_costs",0.1004758025,"Euro/kWh",1.2,0.5,0.5,0.5
"Grid",411188.034877718,"kWh",1.2,0.5,0.5,0.5
"PV_sold",85208.4276028538,"kWh",1.2,0.5,0.5,0.5
"Costs",63663.1219952235,"Euro",1.2,0.5,0.5,0.5
"PV_area",2592.94906402212,"m2",1.2,0.5,0.5,0.5
"Emissions",51.7726854714535,"tons",1.2,0.5,0.5,0.5
"Demand",726861.6,"kWh",1.2,0.5,0.5,1
"PV_costs",92.6026327885794,"Euro/kWp",1.2,0.5,0.5,1
"PV_capacity",243.09006180426,"kWp",1.2,0.5,0.5,1
"PV_energy",263618.174446229,"kWh",1.2,0.5,0.5,1
"ES_costs",36.9872832990409,"Euro/kWh",1.2,0.5,0.5,1
"ES_capacity",0,"kWh",1.2,0.5,0.5,1
"ES_out",0,"kWh",1.2,0.5,0.5,1
"Grid_costs",0.1004758025,"Euro/kWh",1.2,0.5,0.5,1
"Grid",463243.425553771,"kWh",1.2,0.5,0.5,1
"PV_sold",18253.2371635845,"kWh",1.2,0.5,0.5,1
"Costs",68142.8728049967,"Euro",1.2,0.5,0.5,1
"PV_area",1823.17546353195,"m2",1.2,0.5,0.5,1
"Emissions",58.3269797114753,"tons",1.2,0.5,0.5,1
"Demand",726861.6,"kWh",1.2,0.5,0.5,1.5
"PV_costs",109.721764955367,"Euro/kWp",1.2,0.5,0.5,1.5
"PV_capacity",190.998311517671,"kWp",1.2,0.5,0.5,1.5
"PV_energy",219458.088545463,"kWh",1.2,0.5,0.5,1.5
"ES_costs",40.7603874661151,"Euro/kWh",1.2,0.5,0.5,1.5
"ES_capacity",0,"kWh",1.2,0.5,0.5,1.5
"ES_out",0,"kWh",1.2,0.5,0.5,1.5
"Grid_costs",0.1004758025,"Euro/kWh",1.2,0.5,0.5,1.5
"Grid",507403.511454537,"kWh",1.2,0.5,0.5,1.5
"PV_sold",2011.12036825717,"kWh",1.2,0.5,0.5,1.5
"Costs",71837.8908295127,"Euro",1.2,0.5,0.5,1.5
"PV_area",1432.48733638253,"m2",1.2,0.5,0.5,1.5
"Emissions",63.8871761272408,"tons",1.2,0.5,0.5,1.5
"Demand",726861.6,"kWh",1.2,0.5,1,0.5
"PV_costs",76.9657297606779,"Euro/kWp",1.2,0.5,1,0.5
"PV_capacity",912.266241607571,"kWp",1.2,0.5,1,0.5
"PV_energy",400797.001152823,"kWh",1.2,0.5,1,0.5
"ES_costs",33.3979583595949,"Euro/kWh",1.2,0.5,1,0.5
"ES_capacity",639.403137717463,"kWh",1.2,0.5,1,0.5
"ES_out",204670.268250354,"kWh",1.2,0.5,1,0.5
"Grid_costs",0.200951605,"Euro/kWh",1.2,0.5,1,0.5
"Grid",121394.330596823,"kWh",1.2,0.5,1,0.5
"PV_sold",441565.160596434,"kWh",1.2,0.5,1,0.5
"Costs",93884.1239313499,"Euro",1.2,0.5,1,0.5
"PV_area",6841.99681205678,"m2",1.2,0.5,1,0.5
"Emissions",15.284760165446,"tons",1.2,0.5,1,0.5
"Demand",726861.6,"kWh",1.2,0.5,1,1
"PV_costs",92.6026327885794,"Euro/kWp",1.2,0.5,1,1
"PV_capacity",601.01932409999,"kWp",1.2,0.5,1,1
"PV_energy",373711.702826112,"kWh",1.2,0.5,1,1
"ES_costs",36.9872832990409,"Euro/kWh",1.2,0.5,1,1
"ES_capacity",390.50394627422,"kWh",1.2,0.5,1,1
"ES_out",112452.417950496,"kWh",1.2,0.5,1,1
"Grid_costs",0.200951605,"Euro/kWh",1.2,0.5,1,1
"Grid",240697.479223392,"kWh",1.2,0.5,1,1
"PV_sold",204820.215509629,"kWh",1.2,0.5,1,1
"Costs",108227.185852622,"Euro",1.2,0.5,1,1
"PV_area",4507.64493074992,"m2",1.2,0.5,1,1
"Emissions",30.3062196090173,"tons",1.2,0.5,1,1
"Demand",726861.6,"kWh",1.2,0.5,1,1.5
"PV_costs",109.721764955367,"Euro/kWp",1.2,0.5,1,1.5
"PV_capacity",366.059953567767,"kWp",1.2,0.5,1,1.5
"PV_energy",322942.542629422,"kWh",1.2,0.5,1,1.5
"ES_costs",40.7603874661151,"Euro/kWh",1.2,0.5,1,1.5
"ES_capacity",7.66140188409161,"kWh",1.2,0.5,1,1.5
"ES_out",2151.24145213643,"kWh",1.2,0.5,1,1.5
"Grid_costs",0.200951605,"Euro/kWh",1.2,0.5,1,1.5
"Grid",401767.815918442,"kWh",1.2,0.5,1,1.5
"PV_sold",99252.2860017249,"kWh",1.2,0.5,1,1.5
"Costs",116250.299040332,"Euro",1.2,0.5,1,1.5
"PV_area",2745.44965175825,"m2",1.2,0.5,1,1.5
"Emissions",50.586585702291,"tons",1.2,0.5,1,1.5
"Demand",726861.6,"kWh",1.2,0.5,1.5,0.5
"PV_costs",76.9657297606779,"Euro/kWp",1.2,0.5,1.5,0.5
"PV_capacity",1169.10565707034,"kWp",1.2,0.5,1.5,0.5
"PV_energy",412238.28906856,"kWh",1.2,0.5,1.5,0.5
"ES_costs",33.3979583595949,"Euro/kWh",1.2,0.5,1.5,0.5
"ES_capacity",772.286179182403,"kWh",1.2,0.5,1.5,0.5
"ES_out",240782.832660858,"kWh",1.2,0.5,1.5,0.5
"Grid_costs",0.3014274075,"Euro/kWh",1.2,0.5,1.5,0.5
"Grid",73840.478270582,"kWh",1.2,0.5,1.5,0.5
"PV_sold",689924.914077209,"kWh",1.2,0.5,1.5,0.5
"Costs",103535.149947582,"Euro",1.2,0.5,1.5,0.5
"PV_area",8768.29242802757,"m2",1.2,0.5,1.5,0.5
"Emissions",9.29725461904898,"tons",1.2,0.5,1.5,0.5
"Demand",726861.6,"kWh",1.2,0.5,1.5,1
"PV_costs",92.6026327885794,"Euro/kWp",1.2,0.5,1.5,1
"PV_capacity",886.722908638915,"kWp",1.2,0.5,1.5,1
"PV_energy",399349.937024856,"kWh",1.2,0.5,1.5,1
"ES_costs",36.9872832990409,"Euro/kWh",1.2,0.5,1.5,1
"ES_capacity",712.587368591586,"kWh",1.2,0.5,1.5,1
"ES_out",216251.982015621,"kWh",1.2,0.5,1.5,1
"Grid_costs",0.3014274075,"Euro/kWh",1.2,0.5,1.5,1
"Grid",111259.680959524,"kWh",1.2,0.5,1.5,1
"PV_sold",401202.560921205,"kWh",1.2,0.5,1.5,1
"Costs",121946.135916172,"Euro",1.2,0.5,1.5,1
"PV_area",6650.42181479186,"m2",1.2,0.5,1.5,1
"Emissions",14.0087064296137,"tons",1.2,0.5,1.5,1
"Demand",726861.6,"kWh",1.2,0.5,1.5,1.5
"PV_costs",109.721764955367,"Euro/kWp",1.2,0.5,1.5,1.5
"PV_capacity",725.272389130076,"kWp",1.2,0.5,1.5,1.5
"PV_energy",387642.846047958,"kWh",1.2,0.5,1.5,1.5
"ES_costs",40.7603874661151,"Euro/kWh",1.2,0.5,1.5,1.5
"ES_capacity",690.924294466713,"kWh",1.2,0.5,1.5,1.5
"ES_out",197506.841497003,"kWh",1.2,0.5,1.5,1.5
"Grid_costs",0.3014274075,"Euro/kWh",1.2,0.5,1.5,1.5
"Grid",141711.91245504,"kWh",1.2,0.5,1.5,1.5
"PV_sold",245433.866032535,"kWh",1.2,0.5,1.5,1.5
"Costs",138184.669642526,"Euro",1.2,0.5,1.5,1.5
"PV_area",5439.54291847557,"m2",1.2,0.5,1.5,1.5
"Emissions",17.8429468972141,"tons",1.2,0.5,1.5,1.5
"Demand",726861.6,"kWh",1.2,1,0.5,0.5
"PV_costs",76.9657297606779,"Euro/kWp",1.2,1,0.5,0.5
"PV_capacity",345.726541869617,"kWp",1.2,1,0.5,0.5
"PV_energy",315673.565122282,"kWh",1.2,1,0.5,0.5
"ES_costs",66.7959167191898,"Euro/kWh",1.2,1,0.5,0.5
"ES_capacity",0,"kWh",1.2,1,0.5,0.5
"ES_out",0,"kWh",1.2,1,0.5,0.5
"Grid_costs",0.1004758025,"Euro/kWh",1.2,1,0.5,0.5
"Grid",411188.034877718,"kWh",1.2,1,0.5,0.5
"PV_sold",85208.4276028538,"kWh",1.2,1,0.5,0.5
"Costs",63663.1219952235,"Euro",1.2,1,0.5,0.5
"PV_area",2592.94906402212,"m2",1.2,1,0.5,0.5
"Emissions",51.7726854714535,"tons",1.2,1,0.5,0.5
"Demand",726861.6,"kWh",1.2,1,0.5,1
"PV_costs",92.6026327885794,"Euro/kWp",1.2,1,0.5,1
"PV_capacity",243.09006180426,"kWp",1.2,1,0.5,1
"PV_energy",263618.174446229,"kWh",1.2,1,0.5,1
"ES_costs",73.9745665980819,"Euro/kWh",1.2,1,0.5,1
"ES_capacity",0,"kWh",1.2,1,0.5,1
"ES_out",0,"kWh",1.2,1,0.5,1
"Grid_costs",0.1004758025,"Euro/kWh",1.2,1,0.5,1
"Grid",463243.425553771,"kWh",1.2,1,0.5,1
"PV_sold",18253.2371635845,"kWh",1.2,1,0.5,1
"Costs",68142.8728049967,"Euro",1.2,1,0.5,1
"PV_area",1823.17546353195,"m2",1.2,1,0.5,1
"Emissions",58.3269797114753,"tons",1.2,1,0.5,1
"Demand",726861.6,"kWh",1.2,1,0.5,1.5
"PV_costs",109.721764955367,"Euro/kWp",1.2,1,0.5,1.5
"PV_capacity",190.998311517671,"kWp",1.2,1,0.5,1.5
"PV_energy",219458.088545463,"kWh",1.2,1,0.5,1.5
"ES_costs",81.5207749322302,"Euro/kWh",1.2,1,0.5,1.5
"ES_capacity",0,"kWh",1.2,1,0.5,1.5
"ES_out",0,"kWh",1.2,1,0.5,1.5
"Grid_costs",0.1004758025,"Euro/kWh",1.2,1,0.5,1.5
"Grid",507403.511454537,"kWh",1.2,1,0.5,1.5
"PV_sold",2011.12036825717,"kWh",1.2,1,0.5,1.5
"Costs",71837.8908295127,"Euro",1.2,1,0.5,1.5
"PV_area",1432.48733638253,"m2",1.2,1,0.5,1.5
"Emissions",63.8871761272408,"tons",1.2,1,0.5,1.5
"Demand",726861.6,"kWh",1.2,1,1,0.5
"PV_costs",76.9657297606779,"Euro/kWp",1.2,1,1,0.5
"PV_capacity",626.865704935454,"kWp",1.2,1,1,0.5
"PV_energy",377074.411876674,"kWh",1.2,1,1,0.5
"ES_costs",66.7959167191898,"Euro/kWh",1.2,1,1,0.5
"ES_capacity",0,"kWh",1.2,1,1,0.5
"ES_out",0,"kWh",1.2,1,1,0.5
"Grid_costs",0.200951605,"Euro/kWh",1.2,1,1,0.5
"Grid",349787.188123326,"kWh",1.2,1,1,0.5
"PV_sold",349798.253457607,"kWh",1.2,1,1,0.5
"Costs",101047.560631237,"Euro",1.2,1,1,0.5
"PV_area",4701.49278701591,"m2",1.2,1,1,0.5
"Emissions",44.041704856608,"tons",1.2,1,1,0.5
"Demand",726861.6,"kWh",1.2,1,1,1
"PV_costs",92.6026327885794,"Euro/kWp",1.2,1,1,1
"PV_capacity",453.490768528445,"kWp",1.2,1,1,1
"PV_energy",347121.892943724,"kWh",1.2,1,1,1
"ES_costs",73.9745665980819,"Euro/kWh",1.2,1,1,1
"ES_capacity",0,"kWh",1.2,1,1,1
"ES_out",0,"kWh",1.2,1,1,1
"Grid_costs",0.200951605,"Euro/kWh",1.2,1,1,1
"Grid",379739.707056276,"kWh",1.2,1,1,1
"PV_sold",178716.482053521,"kWh",1.2,1,1,1
"Costs",109367.918623561,"Euro",1.2,1,1,1
"PV_area",3401.18076396333,"m2",1.2,1,1,1
"Emissions",47.8130265154556,"tons",1.2,1,1,1
"Demand",726861.6,"kWh",1.2,1,1,1.5
"PV_costs",109.721764955367,"Euro/kWp",1.2,1,1,1.5
"PV_capacity",364.752027605173,"kWp",1.2,1,1,1.5
"PV_energy",322495.992997173,"kWh",1.2,1,1,1.5
"ES_costs",81.5207749322302,"Euro/kWh",1.2,1,1,1.5
"ES_capacity",0,"kWh",1.2,1,1,1.5
"ES_out",0,"kWh",1.2,1,1,1.5
"Grid_costs",0.200951605,"Euro/kWh",1.2,1,1,1.5
"Grid",404365.607002827,"kWh",1.2,1,1,1.5
"PV_sold",100446.714514245,"kWh",1.2,1,1,1.5
"Costs",116256.818248192,"Euro",1.2,1,1,1.5
"PV_area",2735.64020703879,"m2",1.2,1,1,1.5
"Emissions",50.9136735777259,"tons",1.2,1,1,1.5
"Demand",726861.6,"kWh",1.2,1,1.5,0.5
"PV_costs",76.9657297606779,"Euro/kWp",1.2,1,1.5,0.5
"PV_capacity",1105.41656104146,"kWp",1.2,1,1.5,0.5
"PV_energy",409754.053046063,"kWh",1.2,1,1.5,0.5
"ES_costs",66.7959167191898,"Euro/kWh",1.2,1,1.5,0.5
"ES_capacity",603.920899125157,"kWh",1.2,1,1.5,0.5
"ES_out",205805.825154292,"kWh",1.2,1,1.5,0.5
"Grid_costs",0.3014274075,"Euro/kWh",1.2,1,1.5,0.5
"Grid",111301.721799645,"kWh",1.2,1,1.5,0.5
"PV_sold",655377.322853843,"kWh",1.2,1,1.5,0.5
"Costs",126199.165702698,"Euro",1.2,1,1.5,0.5
"PV_area",8290.62420781092,"m2",1.2,1,1.5,0.5
"Emissions",14.0139997917933,"tons",1.2,1,1.5,0.5
"Demand",726861.6,"kWh",1.2,1,1.5,1
"PV_costs",92.6026327885794,"Euro/kWp",1.2,1,1.5,1
"PV_capacity",707.966196622079,"kWp",1.2,1,1.5,1
"PV_energy",386014.102782989,"kWh",1.2,1,1.5,1
"ES_costs",73.9745665980819,"Euro/kWh",1.2,1,1.5,1
"ES_capacity",266.324654607165,"kWh",1.2,1,1.5,1
"ES_out",85699.0470666244,"kWh",1.2,1,1.5,1
"Grid_costs",0.3014274075,"Euro/kWh",1.2,1,1.5,1
"Grid",255148.450150387,"kWh",1.2,1,1.5,1
"PV_sold",344687.890209593,"kWh",1.2,1,1.5,1
"Costs",144935.125977465,"Euro",1.2,1,1.5,1
"PV_area",5309.74647466559,"m2",1.2,1,1.5,1
"Emissions",32.1257413584352,"tons",1.2,1,1.5,1
"Demand",726861.6,"kWh",1.2,1,1.5,1.5
"PV_costs",109.721764955367,"Euro/kWp",1.2,1,1.5,1.5
"PV_capacity",484.627425112683,"kWp",1.2,1,1.5,1.5
"PV_energy",353904.072356202,"kWh",1.2,1,1.5,1.5
"ES_costs",81.5207749322302,"Euro/kWh",1.2,1,1.5,1.5
"ES_capacity",1.20414497688224,"kWh",1.2,1,1.5,1.5
"ES_out",397.393813932861,"kWh",1.2,1,1.5,1.5
"Grid_costs",0.3014274075,"Euro/kWh",1.2,1,1.5,1.5
"Grid",372560.133829865,"kWh",1.2,1,1.5,1.5
"PV_sold",207620.033483445,"kWh",1.2,1,1.5,1.5
"Costs",155191.172864802,"Euro",1.2,1,1.5,1.5
"PV_area",3634.70568834512,"m2",1.2,1,1.5,1.5
"Emissions",46.9090464505183,"tons",1.2,1,1.5,1.5
"Demand",726861.6,"kWh",1.2,1.5,0.5,0.5
"PV_costs",76.9657297606779,"Euro/kWp",1.2,1.5,0.5,0.5
"PV_capacity",345.726541869617,"kWp",1.2,1.5,0.5,0.5
"PV_energy",315673.565122282,"kWh",1.2,1.5,0.5,0.5
"ES_costs",100.193875078785,"Euro/kWh",1.2,1.5,0.5,0.5
"ES_capacity",0,"kWh",1.2,1.5,0.5,0.5
"ES_out",0,"kWh",1.2,1.5,0.5,0.5
"Grid_costs",0.1004758025,"Euro/kWh",1.2,1.5,0.5,0.5
"Grid",411188.034877718,"kWh",1.2,1.5,0.5,0.5
"PV_sold",85208.4276028538,"kWh",1.2,1.5,0.5,0.5
"Costs",63663.1219952235,"Euro",1.2,1.5,0.5,0.5
"PV_area",2592.94906402212,"m2",1.2,1.5,0.5,0.5
"Emissions",51.7726854714535,"tons",1.2,1.5,0.5,0.5
"Demand",726861.6,"kWh",1.2,1.5,0.5,1
"PV_costs",92.6026327885794,"Euro/kWp",1.2,1.5,0.5,1
"PV_capacity",243.09006180426,"kWp",1.2,1.5,0.5,1
"PV_energy",263618.174446229,"kWh",1.2,1.5,0.5,1
"ES_costs",110.961849897123,"Euro/kWh",1.2,1.5,0.5,1
"ES_capacity",0,"kWh",1.2,1.5,0.5,1
"ES_out",0,"kWh",1.2,1.5,0.5,1
"Grid_costs",0.1004758025,"Euro/kWh",1.2,1.5,0.5,1
"Grid",463243.425553771,"kWh",1.2,1.5,0.5,1
"PV_sold",18253.2371635845,"kWh",1.2,1.5,0.5,1
"Costs",68142.8728049967,"Euro",1.2,1.5,0.5,1
"PV_area",1823.17546353195,"m2",1.2,1.5,0.5,1
"Emissions",58.3269797114753,"tons",1.2,1.5,0.5,1
"Demand",726861.6,"kWh",1.2,1.5,0.5,1.5
"PV_costs",109.721764955367,"Euro/kWp",1.2,1.5,0.5,1.5
"PV_capacity",190.998311517671,"kWp",1.2,1.5,0.5,1.5
"PV_energy",219458.088545463,"kWh",1.2,1.5,0.5,1.5
"ES_costs",122.281162398345,"Euro/kWh",1.2,1.5,0.5,1.5
"ES_capacity",0,"kWh",1.2,1.5,0.5,1.5
"ES_out",0,"kWh",1.2,1.5,0.5,1.5
"Grid_costs",0.1004758025,"Euro/kWh",1.2,1.5,0.5,1.5
"Grid",507403.511454537,"kWh",1.2,1.5,0.5,1.5
"PV_sold",2011.12036825717,"kWh",1.2,1.5,0.5,1.5
"Costs",71837.8908295127,"Euro",1.2,1.5,0.5,1.5
"PV_area",1432.48733638253,"m2",1.2,1.5,0.5,1.5
"Emissions",63.8871761272408,"tons",1.2,1.5,0.5,1.5
"Demand",726861.6,"kWh",1.2,1.5,1,0.5
"PV_costs",76.9657297606779,"Euro/kWp",1.2,1.5,1,0.5
"PV_capacity",626.865704935454,"kWp",1.2,1.5,1,0.5
"PV_energy",377074.411876674,"kWh",1.2,1.5,1,0.5
"ES_costs",100.193875078785,"Euro/kWh",1.2,1.5,1,0.5
"ES_capacity",0,"kWh",1.2,1.5,1,0.5
"ES_out",0,"kWh",1.2,1.5,1,0.5
"Grid_costs",0.200951605,"Euro/kWh",1.2,1.5,1,0.5
"Grid",349787.188123326,"kWh",1.2,1.5,1,0.5
"PV_sold",349798.253457607,"kWh",1.2,1.5,1,0.5
"Costs",101047.560631237,"Euro",1.2,1.5,1,0.5
"PV_area",4701.49278701591,"m2",1.2,1.5,1,0.5
"Emissions",44.041704856608,"tons",1.2,1.5,1,0.5
"Demand",726861.6,"kWh",1.2,1.5,1,1
"PV_costs",92.6026327885794,"Euro/kWp",1.2,1.5,1,1
"PV_capacity",453.490768528445,"kWp",1.2,1.5,1,1
"PV_energy",347121.892943724,"kWh",1.2,1.5,1,1
"ES_costs",110.961849897123,"Euro/kWh",1.2,1.5,1,1
"ES_capacity",0,"kWh",1.2,1.5,1,1
"ES_out",0,"kWh",1.2,1.5,1,1
"Grid_costs",0.200951605,"Euro/kWh",1.2,1.5,1,1
"Grid",379739.707056276,"kWh",1.2,1.5,1,1
"PV_sold",178716.482053521,"kWh",1.2,1.5,1,1
"Costs",109367.918623561,"Euro",1.2,1.5,1,1
"PV_area",3401.18076396333,"m2",1.2,1.5,1,1
"Emissions",47.8130265154556,"tons",1.2,1.5,1,1
"Demand",726861.6,"kWh",1.2,1.5,1,1.5
"PV_costs",109.721764955367,"Euro/kWp",1.2,1.5,1,1.5
"PV_capacity",364.752027605173,"kWp",1.2,1.5,1,1.5
"PV_energy",322495.992997173,"kWh",1.2,1.5,1,1.5
"ES_costs",122.281162398345,"Euro/kWh",1.2,1.5,1,1.5
"ES_capacity",0,"kWh",1.2,1.5,1,1.5
"ES_out",0,"kWh",1.2,1.5,1,1.5
"Grid_costs",0.200951605,"Euro/kWh",1.2,1.5,1,1.5
"Grid",404365.607002827,"kWh",1.2,1.5,1,1.5
"PV_sold",100446.714514245,"kWh",1.2,1.5,1,1.5
"Costs",116256.818248192,"Euro",1.2,1.5,1,1.5
"PV_area",2735.64020703879,"m2",1.2,1.5,1,1.5
"Emissions",50.9136735777259,"tons",1.2,1.5,1,1.5
"Demand",726861.6,"kWh",1.2,1.5,1.5,0.5
"PV_costs",76.9657297606779,"Euro/kWp",1.2,1.5,1.5,0.5
"PV_capacity",780.938109086889,"kWp",1.2,1.5,1.5,0.5
"PV_energy",392276.417193799,"kWh",1.2,1.5,1.5,0.5
"ES_costs",100.193875078785,"Euro/kWh",1.2,1.5,1.5,0.5
"ES_capacity",0,"kWh",1.2,1.5,1.5,0.5
"ES_out",0,"kWh",1.2,1.5,1.5,0.5
"Grid_costs",0.3014274075,"Euro/kWh",1.2,1.5,1.5,0.5
"Grid",334585.182806202,"kWh",1.2,1.5,1.5,0.5
"PV_sold",513248.578581091,"kWh",1.2,1.5,1.5,0.5
"Costs",135296.186775928,"Euro",1.2,1.5,1.5,0.5
"PV_area",5857.03581815167,"m2",1.2,1.5,1.5,0.5
"Emissions",42.1276203671288,"tons",1.2,1.5,1.5,0.5
"Demand",726861.6,"kWh",1.2,1.5,1.5,1
"PV_costs",92.6026327885794,"Euro/kWp",1.2,1.5,1.5,1
"PV_capacity",597.310443081824,"kWp",1.2,1.5,1.5,1
"PV_energy",373207.136632225,"kWh",1.2,1.5,1.5,1
"ES_costs",110.961849897123,"Euro/kWh",1.2,1.5,1.5,1
"ES_capacity",0,"kWh",1.2,1.5,1.5,1
"ES_out",0,"kWh",1.2,1.5,1.5,1
"Grid_costs",0.3014274075,"Euro/kWh",1.2,1.5,1.5,1
"Grid",353654.463367775,"kWh",1.2,1.5,1.5,1
"PV_sold",319395.170969831,"kWh",1.2,1.5,1.5,1
"Costs",145943.90911675,"Euro",1.2,1.5,1.5,1
"PV_area",4479.82832311368,"m2",1.2,1.5,1.5,1
"Emissions",44.5286334826366,"tons",1.2,1.5,1.5,1
"Demand",726861.6,"kWh",1.2,1.5,1.5,1.5
"PV_costs",109.721764955367,"Euro/kWp",1.2,1.5,1.5,1.5
"PV_capacity",485.066221217483,"kWp",1.2,1.5,1.5,1.5
"PV_energy",353994.379009545,"kWh",1.2,1.5,1.5,1.5
"ES_costs",122.281162398345,"Euro/kWh",1.2,1.5,1.5,1.5
"ES_capacity",0,"kWh",1.2,1.5,1.5,1.5
"ES_out",0,"kWh",1.2,1.5,1.5,1.5
"Grid_costs",0.3014274075,"Euro/kWh",1.2,1.5,1.5,1.5
"Grid",372867.220990455,"kWh",1.2,1.5,1.5,1.5
"PV_sold",208456.835507421,"kWh",1.2,1.5,1.5,1.5
"Costs",155191.879901724,"Euro",1.2,1.5,1.5,1.5
"PV_area",3637.99665913112,"m2",1.2,1.5,1.5,1.5
"Emissions",46.9477117949082,"tons",1.2,1.5,1.5,1.5
